id,statusType,statusText,unformattedPrice,address,addressStreet,addressCity,addressState,addressZipcode,beds,baths,area,zestimate,homeType,rentZestimate,isPreforclosureAuction,taxAssessedValue,lotAreaRaw
349247429,FOR_SALE, ,265000,"66 Angelville Rd,Chazy,NY 12921",66 Angelville Rd,Chazy,NY,12921,3,2,2664,0,SINGLE_FAMILY,0,0,0,60984
406500041,FOR_SALE, ,399000,"6273 Route 9,Rhinebeck,NY 12572",6273 Route 9,Rhinebeck,NY,12572,3,1,1596,0,SINGLE_FAMILY,0,0,0,35719
482042656,FOR_SALE, ,248400,"37 Kingston Ave,Poughkeepsie,NY 12603",37 Kingston Ave,Poughkeepsie,NY,12603,4,3,1736,0,SINGLE_FAMILY,0,True,0,7841
388446105,FOR_SALE, ,1288000,"1579 Yates Ave,Bronx,NY 10461",1579 Yates Ave,Bronx,NY,10461,6,3,1648,0,MULTI_FAMILY,0,0,0,7501
408476491,FOR_SALE, ,579000,"102 Boulevard Ave,West Islip,NY 11795",102 Boulevard Ave,West Islip,NY,11795,4,3,2141,0,SINGLE_FAMILY,0,0,0,13939
309877098,FOR_SALE, ,165000,"18 Green St,Fredonia,NY 14063",18 Green St,Fredonia,NY,14063,4,2,2463,0,MULTI_FAMILY,0,0,0,10838
498287919,FOR_SALE, ,379000,"21-27 33 St Unit 5F,Astoria,NY 11105",21-27 33 St Unit 5F,Astoria,NY,11105,2,1,0,0,MULTI_FAMILY,0,0,0,0
324777306,FOR_SALE, ,2500000,"13 Gramercy Park S Apt 5R,Manhattan,NY 10003",13 Gramercy Park S Apt 5R,Manhattan,NY,10003,1,1,0,0,MULTI_FAMILY,0,0,0,0
449401496,FOR_SALE, ,1350000,"33-48 101st St,Corona,NY 11368",33-48 101st St,Corona,NY,11368,6,3,0,0,MULTI_FAMILY,0,0,0,2000
418848917,FOR_SALE, ,948000,"206-32 Richland Ave,Hollis Hills,NY 11364",206-32 Richland Ave,Hollis Hills,NY,11364,3,2,1300,0,SINGLE_FAMILY,0,0,0,4096
441591273,FOR_SALE, ,549000,"110 Jerusalem Ave,Levittown,NY 11756",110 Jerusalem Ave,Levittown,NY,11756,4,2,0,0,SINGLE_FAMILY,0,0,0,6000
413651379,FOR_SALE, ,199900,"113 Sheraton Rd,Syracuse,NY 13219",113 Sheraton Rd,Syracuse,NY,13219,3,2,1273,0,SINGLE_FAMILY,0,0,0,9361
327899391,FOR_SALE, ,730000,"296 Waldorf Ave,Elmont,NY 11003",296 Waldorf Ave,Elmont,NY,11003,3,4,1293,0,SINGLE_FAMILY,0,0,0,4560
422625968,FOR_SALE, ,1150000,"88 Jackson Ave,Staten Island,NY 10305",88 Jackson Ave,Staten Island,NY,10305,3,1,2566,0,MULTI_FAMILY,0,0,0,4500
336907606,FOR_SALE, ,350000,"7476 Derby Rd,Derby,NY 14047",7476 Derby Rd,Derby,NY,14047,4,2,2740,0,SINGLE_FAMILY,0,0,0,108464
372224811,FOR_SALE, ,400000,"11 Country Pl,Mohegan Lake,NY 10547",11 Country Pl,Mohegan Lake,NY,10547,2,3,1215,0,TOWNHOUSE,0,0,0,0
403260475,FOR_SALE, ,500000,"50 Quaker Rd,Carmel,NY 10512",50 Quaker Rd,Carmel,NY,10512,3,3,2141,0,SINGLE_FAMILY,0,0,0,28314
420400131,FOR_SALE, ,1200000,"20 Dallis Pl,Beacon,NY 12508",20 Dallis Pl,Beacon,NY,12508,5,7,4700,0,SINGLE_FAMILY,0,0,0,0
470306657,FOR_SALE, ,2750000,"348 Ferry Rd,North Haven,NY 11963",348 Ferry Rd,North Haven,NY,11963,4,3,3462,0,SINGLE_FAMILY,0,0,0,38333
307377981,FOR_SALE, ,450000,"1518 Johnson Ave,Elmont,NY 11003",1518 Johnson Ave,Elmont,NY,11003,2,1,0,0,SINGLE_FAMILY,0,0,0,4500
479838212,FOR_SALE, ,149000,"159 Gorge Rd,Middleburgh,NY 12122",159 Gorge Rd,Middleburgh,NY,12122,3,1,1124,0,SINGLE_FAMILY,0,0,0,59677
368421503,FOR_SALE, ,989000,"276 Whitman Dr,Brooklyn,NY 11234",276 Whitman Dr,Brooklyn,NY,11234,4,3,2624,0,SINGLE_FAMILY,0,0,0,4300
394831341,FOR_SALE, ,349900,"1122 Harlowe Ln,Farmington,NY 14425",1122 Harlowe Ln,Farmington,NY,14425,3,4,2100,0,SINGLE_FAMILY,0,0,0,13504
477097780,FOR_SALE, ,549000,"44 Scenic Dr,Poughkeepsie,NY 12603",44 Scenic Dr,Poughkeepsie,NY,12603,5,3,2937,0,SINGLE_FAMILY,0,0,0,20038
464046984,FOR_SALE, ,229900,"125 Bramley Dr,Camillus,NY 13031",125 Bramley Dr,Camillus,NY,13031,4,1,1296,0,SINGLE_FAMILY,0,0,0,9374
957345124,FOR_SALE, ,7500000,"154 Spring St Unit Ph,New York,NY 10012",154 Spring St Unit Ph,New York,NY,10012,4,5,4100,0,CONDO,0,0,0,0
455419047,FOR_SALE, ,399900,"466 College Ave,Niagara Falls,NY 14305",466 College Ave,Niagara Falls,NY,14305,6,5,3606,0,SINGLE_FAMILY,0,0,0,9901
467581981,FOR_SALE, ,799000,"12 Ann Blvd,Spring Valley,NY 10977",12 Ann Blvd,Spring Valley,NY,10977,4,3,2502,0,SINGLE_FAMILY,0,0,0,24829
472088910,FOR_SALE, ,899000,"8 Orchard Ridge Ter,Chappaqua,NY 10514",8 Orchard Ridge Ter,Chappaqua,NY,10514,3,3,1858,0,SINGLE_FAMILY,0,0,0,27878
323865088,FOR_SALE, ,485000,"5 Haskin Pl,Beacon,NY 12508",5 Haskin Pl,Beacon,NY,12508,3,2,1456,0,SINGLE_FAMILY,0,0,0,11761
452869836,FOR_SALE, ,899000,"55 Greystone Rd,Rockville Centre,NY 11570",55 Greystone Rd,Rockville Centre,NY,11570,4,3,2328,0,SINGLE_FAMILY,0,0,0,6000
444769162,FOR_SALE, ,580000,"17-85 215th St Unit 15D,Bayside,NY 11360",17-85 215th St Unit 15D,Bayside,NY,11360,2,2,0,0,MULTI_FAMILY,0,0,0,0
401622043,FOR_SALE, ,1399000,"21 Round Hill Rd,Scarsdale,NY 10583",21 Round Hill Rd,Scarsdale,NY,10583,4,5,2975,0,SINGLE_FAMILY,0,0,0,12632
992159900,FOR_SALE, ,1595000,"5 Ligi Ln,White Plains,NY 10607",5 Ligi Ln,White Plains,NY,10607,4,4,3200,0,SINGLE_FAMILY,0,0,0,23958
367089647,FOR_SALE, ,39900,"119 Hade Hollow Rd,Cooperstown,NY 13326",119 Hade Hollow Rd,Cooperstown,NY,13326,2,1,0,0,SINGLE_FAMILY,0,0,0,20909
911037904,FOR_SALE, ,305000,"Burrell Rd,Saint Johnsville,NY 13452",Burrell Rd,Saint Johnsville,NY,13452,3,2,1454,0,SINGLE_FAMILY,0,0,0,2744280
428425686,FOR_SALE, ,549000,"60 Dinsmore St Apt B,Staten Island,NY 10314",60 Dinsmore St Apt B,Staten Island,NY,10314,4,3,1890,0,TOWNHOUSE,0,0,0,1440
312939729,FOR_SALE, ,75000,"75 Prospect St,Binghamton,NY 13905",75 Prospect St,Binghamton,NY,13905,6,2,1856,0,MULTI_FAMILY,0,0,0,6192
489240204,FOR_SALE, ,649000,"25 Brookridge Ct,Rye Brook,NY 10573",25 Brookridge Ct,Rye Brook,NY,10573,2,3,1692,0,TOWNHOUSE,0,0,0,1102
472082536,FOR_SALE, ,199900,"None,Le Roy,NY 14482",0,Le Roy,NY,14482,3,2,2452,0,SINGLE_FAMILY,0,0,0,69696
372573250,FOR_SALE, ,144900,"5029 Milestrip Rd,Buffalo,NY 14219",5029 Milestrip Rd,Buffalo,NY,14219,3,1,1301,0,SINGLE_FAMILY,0,0,0,8355
438863755,FOR_SALE, ,635000,"182 Beach 92nd St,Rockaway Beach,NY 11693",182 Beach 92nd St,Rockaway Beach,NY,11693,4,2,1933,0,MULTI_FAMILY,0,0,0,3400
418517241,FOR_SALE, ,114000,"8393 County Road 1,Friendship,NY 14739",8393 County Road 1,Friendship,NY,14739,2,1,840,0,SINGLE_FAMILY,0,0,0,161172
387108217,FOR_SALE, ,725500,"196 Dante Ave,Tuckahoe,NY 10707",196 Dante Ave,Tuckahoe,NY,10707,3,2,1605,0,SINGLE_FAMILY,0,0,0,4927
479119755,FOR_SALE, ,699000,"95-16 126th St,Richmond Hill,NY 11418",95-16 126th St,Richmond Hill,NY,11418,3,2,0,0,SINGLE_FAMILY,0,0,0,2220
372090415,FOR_SALE, ,424900,"100 High Point Dr Apt 311,Hartsdale,NY 10530",100 High Point Dr Apt 311,Hartsdale,NY,10530,2,2,1414,0,CONDO,0,0,0,0
457297150,FOR_SALE, ,439000,"40-18 Hampton St Unit 5C,Elmhurst,NY 11373",40-18 Hampton St Unit 5C,Elmhurst,NY,11373,2,1,1100,0,MULTI_FAMILY,0,0,0,0
424458377,FOR_SALE, ,1350000,"71-12 66th St,Glendale,NY 11385",71-12 66th St,Glendale,NY,11385,6,6,5712,0,MULTI_FAMILY,0,0,0,2800
424484463,FOR_SALE, ,1350000,"71-14 66th St,Glendale,NY 11385",71-14 66th St,Glendale,NY,11385,6,6,5712,0,MULTI_FAMILY,0,0,0,2800
311570082,FOR_SALE, ,800000,"24 Blacksmith Ln,East Northport,NY 11731",24 Blacksmith Ln,East Northport,NY,11731,4,3,0,0,SINGLE_FAMILY,0,0,0,43560
337706439,FOR_SALE, ,2450000,"60-16 Woodbine St,Ridgewood,NY 11385",60-16 Woodbine St,Ridgewood,NY,11385,12,12,5070,0,MULTI_FAMILY,0,0,0,2600
935002941,FOR_SALE, ,1299999,"41-49 Denrose Dr,Amherst,NY 14228",41-49 Denrose Dr,Amherst,NY,14228,12,0,15006,0,MULTI_FAMILY,0,0,0,30296
345008769,FOR_SALE, ,329900,"31 Griffin Ln,Elma,NY 14059",31 Griffin Ln,Elma,NY,14059,3,2,1601,0,SINGLE_FAMILY,0,0,0,19998
907793195,FOR_SALE, ,1490000,"190 Bryant St,Buffalo,NY 14222",190 Bryant St,Buffalo,NY,14222,9,9,11514,0,MULTI_FAMILY,0,0,0,22216
425239253,FOR_SALE, ,1150000,"218 Eckford St Apt 1B,Brooklyn,NY 11222",218 Eckford St Apt 1B,Brooklyn,NY,11222,2,2,1161,0,CONDO,0,0,0,2500
393025692,FOR_SALE, ,269900,"746 Powderhouse Rd,Vestal,NY 13850",746 Powderhouse Rd,Vestal,NY,13850,4,2,2289,0,SINGLE_FAMILY,0,0,0,281398
402827704,FOR_SALE, ,159900,"356 W Academy St,Albion,NY 14411",356 W Academy St,Albion,NY,14411,3,2,1546,0,SINGLE_FAMILY,0,0,0,25265
912008911,FOR_SALE, ,1935000,"1 Wall St Apt 1812,Manhattan,NY 10005",1 Wall St Apt 1812,Manhattan,NY,10005,1,1,833,0,CONDO,0,0,0,0
425887004,FOR_SALE, ,2850000,"15 W 53rd St Unit 22D,Manhattan,NY 10019",15 W 53rd St Unit 22D,Manhattan,NY,10019,2,3,1917,0,CONDO,0,0,0,0
423847313,FOR_SALE, ,599000,"844 Washington Ave,Westbury,NY 11590",844 Washington Ave,Westbury,NY,11590,3,2,0,0,SINGLE_FAMILY,0,0,0,5100
321844109,FOR_SALE, ,338000,"35 Terry Dr,Mastic,NY 11950",35 Terry Dr,Mastic,NY,11950,3,1,0,0,SINGLE_FAMILY,0,0,0,4792
402608272,FOR_SALE, ,299900,"211 Grove St,Middleburgh,NY 12122",211 Grove St,Middleburgh,NY,12122,3,3,1612,0,SINGLE_FAMILY,0,0,0,118048
474000191,FOR_SALE, ,209900,"11013 Overview Dr,Swain,NY 14884",11013 Overview Dr,Swain,NY,14884,4,2,1728,0,SINGLE_FAMILY,0,0,0,30492
485747065,FOR_SALE, ,264900,"372 Electronics Pkwy,Liverpool,NY 13088",372 Electronics Pkwy,Liverpool,NY,13088,4,4,2484,0,MULTI_FAMILY,0,0,0,10202
426278214,FOR_SALE, ,450000,"3 McCafferty Pl,Wappingers Falls,NY 12590",3 McCafferty Pl,Wappingers Falls,NY,12590,4,2,1456,0,MULTI_FAMILY,0,0,0,0
332099397,FOR_SALE, ,449900,"293 Washington Ave,Saugerties,NY 12477",293 Washington Ave,Saugerties,NY,12477,4,2,2262,0,SINGLE_FAMILY,0,0,0,9583
360339950,FOR_SALE, ,499999,"207 Clark St,Brentwood,NY 11717",207 Clark St,Brentwood,NY,11717,4,2,0,0,SINGLE_FAMILY,0,0,0,27878
457191680,FOR_SALE, ,127900,"49 Wildemere Dr,Arcade,NY 14009",49 Wildemere Dr,Arcade,NY,14009,3,1,1360,0,SINGLE_FAMILY,0,0,0,9601
388520685,FOR_SALE, ,385000,"21 Pond Way Unit 21,Staten Island,NY 10303",21 Pond Way Unit 21,Staten Island,NY,10303,3,2,1176,0,CONDO,0,0,0,0
355655175,FOR_SALE, ,949000,"7 Macintosh Ln,Monsey,NY 10952",7 Macintosh Ln,Monsey,NY,10952,4,3,2543,0,SINGLE_FAMILY,0,0,0,20473
917326775,FOR_SALE, ,499000,"3531 Route 23C,Jewett,NY 12444",3531 Route 23C,Jewett,NY,12444,3,2,2436,0,SINGLE_FAMILY,0,0,0,69696
410346131,FOR_SALE, ,134900,"421 Helen St,Syracuse,NY 13203",421 Helen St,Syracuse,NY,13203,3,1,1171,0,SINGLE_FAMILY,0,0,0,5060
494840502,FOR_SALE, ,92500,"30 Cherry St,Malone,NY 12953",30 Cherry St,Malone,NY,12953,3,2,1400,0,SINGLE_FAMILY,0,0,0,5663
327615626,FOR_SALE, ,899888,"318 Arlene St,Staten Island,NY 10314",318 Arlene St,Staten Island,NY,10314,3,4,2432,0,SINGLE_FAMILY,0,0,0,5600
994298409,FOR_SALE, ,544900,"50 Skylight Trl Lot 13,Pittsford,NY 14534",50 Skylight Trl Lot 13,Pittsford,NY,14534,2,2,1852,0,TOWNHOUSE,0,0,0,0
492122910,FOR_SALE, ,549000,"12 Waverly Pl,Staten Island,NY 10304",12 Waverly Pl,Staten Island,NY,10304,3,2,1200,0,SINGLE_FAMILY,0,0,0,2500
924602047,FOR_SALE, ,699000,"490 Mill Rd,Millerton,NY 12546",490 Mill Rd,Millerton,NY,12546,3,3,1784,0,SINGLE_FAMILY,0,0,0,175982
440171685,FOR_SALE, ,599000,"255 Cabrini Blvd Apt 8A,New York,NY 10040",255 Cabrini Blvd Apt 8A,New York,NY,10040,1,1,905,0,CONDO,0,0,0,0
372528402,FOR_SALE, ,679000,"1459 E 64th St,Brooklyn,NY 11234",1459 E 64th St,Brooklyn,NY,11234,3,2,1296,0,SINGLE_FAMILY,0,0,0,2000
308201555,FOR_SALE, ,579000,"15 Alpine Pl,Lake Grove,NY 11755",15 Alpine Pl,Lake Grove,NY,11755,3,3,0,0,SINGLE_FAMILY,0,0,0,15246
310597282,FOR_SALE, ,269000,"1215 Bush Hill Rd,Hancock,NY 13783",1215 Bush Hill Rd,Hancock,NY,13783,3,2,2279,0,mobile,0,0,0,217800
348729677,FOR_SALE, ,157900,"1 Cresthaven Dr,West Seneca,NY 14224",1 Cresthaven Dr,West Seneca,NY,14224,3,2,1496,0,SINGLE_FAMILY,0,0,0,9583
479229392,FOR_SALE, ,409900,"52 Timberline Dr,Poughkeepsie,NY 12603",52 Timberline Dr,Poughkeepsie,NY,12603,3,2,676,0,SINGLE_FAMILY,0,0,0,17860
941167473,FOR_SALE, ,2499000,"514 W 142nd St,New York,NY 10031",514 W 142nd St,New York,NY,10031,8,4,0,0,TOWNHOUSE,0,0,0,0
334988642,FOR_SALE, ,199000,"4993 Creek Road Ext,Lewiston,NY 14092",4993 Creek Road Ext,Lewiston,NY,14092,3,1,1248,0,SINGLE_FAMILY,0,0,0,19175
431649649,FOR_SALE, ,975000,"910 Revere Ave,Bronx,NY 10465",910 Revere Ave,Bronx,NY,10465,6,2,2464,0,MULTI_FAMILY,0,0,0,3000
457836702,FOR_SALE, ,999000,"30 Woods End Rd,Hartsdale,NY 10530",30 Woods End Rd,Hartsdale,NY,10530,4,3,3340,0,SINGLE_FAMILY,0,0,0,26572
375131879,FOR_SALE, ,419000,"75 Holland Dr,West Hurley,NY 12491",75 Holland Dr,West Hurley,NY,12491,3,2,1750,0,SINGLE_FAMILY,0,0,0,15682
436209631,FOR_SALE, ,154900,"214 Greenway Blvd,Churchville,NY 14428",214 Greenway Blvd,Churchville,NY,14428,3,2,1288,0,TOWNHOUSE,0,0,0,1307
968579854,FOR_SALE, ,134900,"None,Rochester,NY 14609",0,Rochester,NY,14609,4,2,1962,0,MULTI_FAMILY,0,True,0,9178
411975662,FOR_SALE, ,2285000,"211 Beaumont St,Brooklyn,NY 11235",211 Beaumont St,Brooklyn,NY,11235,4,4,3762,0,SINGLE_FAMILY,0,0,0,3432
973207679,FOR_SALE, ,589000,"1235 E 95th [top Floor Unit 103,Brooklyn,NY 11236",1235 E 95th [top Floor Unit 103,Brooklyn,NY,11236,3,2,1200,0,CONDO,0,0,0,0
316183951,FOR_SALE, ,399000,"53 University Ave,Hamilton,NY 13346",53 University Ave,Hamilton,NY,13346,3,2,2047,0,SINGLE_FAMILY,0,0,0,16117
343488062,FOR_SALE, ,725000,"10 City Pl Ph 3C,White Plains,NY 10601",10 City Pl Ph 3C,White Plains,NY,10601,2,3,1360,0,CONDO,0,0,0,0
382864186,FOR_SALE, ,699000,"21 Willoughby Pl,West Islip,NY 11795",21 Willoughby Pl,West Islip,NY,11795,3,2,0,0,SINGLE_FAMILY,0,0,0,5227
929991915,FOR_SALE, ,2499000,"2074 Fifth Ave,New York,NY 10035",2074 Fifth Ave,New York,NY,10035,9,5,5000,0,TOWNHOUSE,0,0,0,0
495706686,FOR_SALE, ,560000,"495 Dewitt Ave,North Babylon,NY 11703",495 Dewitt Ave,North Babylon,NY,11703,3,2,0,0,SINGLE_FAMILY,0,0,0,7500
494182603,FOR_SALE, ,134900,"1427 State Route 81,Climax,NY 12042",1427 State Route 81,Climax,NY,12042,3,2,960,0,mobile,0,0,0,52272
348382144,FOR_SALE, ,225000,"31 Genesee St,Cherry Valley,NY 13320",31 Genesee St,Cherry Valley,NY,13320,2,2,1350,0,SINGLE_FAMILY,0,0,0,13068
395367760,FOR_SALE, ,129900,"49 Depot St,Mooers,NY 12958",49 Depot St,Mooers,NY,12958,3,2,1098,0,SINGLE_FAMILY,0,0,0,31799
464264643,FOR_SALE, ,1149000,"2354 E 71st St,Brooklyn,NY 11234",2354 E 71st St,Brooklyn,NY,11234,4,4,1998,0,SINGLE_FAMILY,0,0,0,2717
342362474,FOR_SALE, ,369000,"311 Morningstar Rd Apt E,Staten Island,NY 10303",311 Morningstar Rd Apt E,Staten Island,NY,10303,2,2,1066,0,TOWNHOUSE,0,0,0,4201
485275704,FOR_SALE, ,399999,"22 Maple Ter,Staten Island,NY 10306",22 Maple Ter,Staten Island,NY,10306,2,1,763,0,SINGLE_FAMILY,0,0,0,2480
929255904,FOR_SALE, ,499000,"22-24 Main St,Phoenicia,NY 12464",22-24 Main St,Phoenicia,NY,12464,4,4,3563,0,SINGLE_FAMILY,0,0,0,10454
410474777,FOR_SALE, ,245000,"1327 Little Bow Rd,Gouverneur,NY 13642",1327 Little Bow Rd,Gouverneur,NY,13642,3,2,2096,0,SINGLE_FAMILY,0,0,0,5693292
448704421,FOR_SALE, ,259900,"5 Sky Ter,Voorheesville,NY 12186",5 Sky Ter,Voorheesville,NY,12186,3,2,1520,0,SINGLE_FAMILY,0,0,0,15682
409996846,FOR_SALE, ,459900,"3558 Stony Point Rd,Grand Island,NY 14072",3558 Stony Point Rd,Grand Island,NY,14072,5,3,1872,0,SINGLE_FAMILY,0,0,0,41382
491854519,FOR_SALE, ,195000,"143 County Route 25,Granville,NY 12832",143 County Route 25,Granville,NY,12832,3,2,1232,0,SINGLE_FAMILY,0,0,0,17860
428642135,FOR_SALE, ,348000,"4181 Heather Dr,Williamsville,NY 14221",4181 Heather Dr,Williamsville,NY,14221,3,2,1793,0,SINGLE_FAMILY,0,0,0,16117
412209199,FOR_SALE, ,292000,"26 E Market St,Hyde Park,NY 12538",26 E Market St,Hyde Park,NY,12538,3,2,1500,0,SINGLE_FAMILY,0,0,0,12197
301187484,FOR_SALE, ,258000,"6913 Wyant Way,Liverpool,NY 13088",6913 Wyant Way,Liverpool,NY,13088,3,2,1752,0,SINGLE_FAMILY,0,0,0,10302
428879585,FOR_SALE, ,395000,"5 Fallkill Pl,Poughkeepsie,NY 12601",5 Fallkill Pl,Poughkeepsie,NY,12601,0,0,2640,0,MULTI_FAMILY,0,0,0,2614
409122643,FOR_SALE, ,749000,"18 Cedar Avenue Ext,Islip,NY 11751",18 Cedar Avenue Ext,Islip,NY,11751,3,3,1900,0,SINGLE_FAMILY,0,0,0,11761
401217666,FOR_SALE, ,525000,"183 Smith St,Massapequa Park,NY 11762",183 Smith St,Massapequa Park,NY,11762,4,2,1220,0,SINGLE_FAMILY,0,0,0,6000
411898907,FOR_SALE, ,550000,"9418 239th St,Floral Park,NY 11001",9418 239th St,Floral Park,NY,11001,3,2,1320,0,SINGLE_FAMILY,0,0,0,1980
499383034,FOR_SALE, ,525000,"25 Rockledge Ave Apt 206,White Plains,NY 10601",25 Rockledge Ave Apt 206,White Plains,NY,10601,2,2,1219,0,CONDO,0,0,0,0
924788257,FOR_SALE, ,899000,"121 W Main St,Kings Park,NY 11754",121 W Main St,Kings Park,NY,11754,5,3,0,0,SINGLE_FAMILY,0,0,0,17424
435032709,FOR_SALE, ,599999,"107 Bellecrest Ave,East Northport,NY 11731",107 Bellecrest Ave,East Northport,NY,11731,3,2,0,0,SINGLE_FAMILY,0,0,0,5227
990697278,FOR_SALE, ,399000,"26910 Grand Central Pkwy Apt 28C,Floral Park,NY 11005",26910 Grand Central Pkwy Apt 28C,Floral Park,NY,11005,1,2,780,0,MULTI_FAMILY,0,0,0,0
471987091,FOR_SALE, ,49900,"83 Taylor St,Rochester,NY 14611",83 Taylor St,Rochester,NY,14611,4,2,1748,0,MULTI_FAMILY,0,0,0,6970
394330012,FOR_SALE, ,305000,"480 Fairway Ct Unit A,Ridge,NY 11961",480 Fairway Ct Unit A,Ridge,NY,11961,2,1,0,0,CONDO,0,0,0,871
480330391,FOR_SALE, ,1098000,"82-72 164th Pl,Jamaica,NY 11432",82-72 164th Pl,Jamaica,NY,11432,5,4,2514,0,SINGLE_FAMILY,0,0,0,5330
444428770,FOR_SALE, ,550000,"1061 E 218th St,Bronx,NY 10469",1061 E 218th St,Bronx,NY,10469,3,3,1296,0,TOWNHOUSE,0,0,0,1607
430576219,FOR_SALE, ,749900,"354 Holt Dr,Pearl River,NY 10965",354 Holt Dr,Pearl River,NY,10965,2,1,869,0,SINGLE_FAMILY,0,0,0,30056
929935331,FOR_SALE, ,3300000,"163 Charles St Unit 2,Manhattan,NY 10014",163 Charles St Unit 2,Manhattan,NY,10014,0,1,2300,0,CONDO,0,0,0,0
385870117,FOR_SALE, ,1249000,"8838 Bay 16th St,Brooklyn,NY 11214",8838 Bay 16th St,Brooklyn,NY,11214,8,3,0,0,MULTI_FAMILY,0,0,0,1821
440388937,FOR_SALE, ,239900,"26 Harrison Ave,Delmar,NY 12054",26 Harrison Ave,Delmar,NY,12054,3,1,1807,0,SINGLE_FAMILY,0,0,0,10019
489852047,FOR_SALE, ,649000,"33 Lovers Ln,Huntington,NY 11743",33 Lovers Ln,Huntington,NY,11743,4,2,0,0,SINGLE_FAMILY,0,0,0,26136
397030949,FOR_SALE, ,635000,"150 N Bedford Rd Unit 7D,Chappaqua,NY 10514",150 N Bedford Rd Unit 7D,Chappaqua,NY,10514,2,3,1483,0,CONDO,0,0,0,0
328897681,FOR_SALE, ,425000,"717 Stone Rd,Pittsford,NY 14534",717 Stone Rd,Pittsford,NY,14534,4,4,1906,0,SINGLE_FAMILY,0,0,0,89342
407529168,FOR_SALE, ,798000,"137-28 97th Ave,Jamaica,NY 11435",137-28 97th Ave,Jamaica,NY,11435,4,2,0,0,MULTI_FAMILY,0,0,0,3312
975617973,FOR_SALE, ,200000,"71 Pinehurst Blvd,Calverton,NY 11933",71 Pinehurst Blvd,Calverton,NY,11933,2,1,0,0,SINGLE_FAMILY,0,0,0,40075
496726342,FOR_SALE, ,1100000,"5728 Faraday Ave,Bronx,NY 10471",5728 Faraday Ave,Bronx,NY,10471,6,4,4095,0,MULTI_FAMILY,0,0,0,0
315071971,FOR_SALE, ,179000,"None,Fredonia,NY 14063",0,Fredonia,NY,14063,4,2,1856,0,SINGLE_FAMILY,0,0,0,11339
482182178,FOR_SALE, ,999750,"18 Evergreen Ave,Chautauqua,NY 14722",18 Evergreen Ave,Chautauqua,NY,14722,4,4,2623,0,SINGLE_FAMILY,0,0,0,12336
931465517,FOR_SALE, ,69900,"8167 State Highway 206,Trout Creek,NY 13847",8167 State Highway 206,Trout Creek,NY,13847,3,1,700,0,SINGLE_FAMILY,0,0,0,10890
466191158,FOR_SALE, ,449000,"7580 Dryer Rd,Victor,NY 14564",7580 Dryer Rd,Victor,NY,14564,4,4,2516,0,SINGLE_FAMILY,0,0,0,56628
456119207,FOR_SALE, ,259900,"54 Hospital Hill Rd,Binghamton,NY 13901",54 Hospital Hill Rd,Binghamton,NY,13901,3,2,1647,0,SINGLE_FAMILY,0,0,0,20000
476220850,FOR_SALE, ,1158000,"80-34 209th St,Hollis Hills,NY 11427",80-34 209th St,Hollis Hills,NY,11427,3,3,2065,0,SINGLE_FAMILY,0,0,0,4000
423258019,FOR_SALE, ,1250000,"75 Prospect St,White Plains,NY 10606",75 Prospect St,White Plains,NY,10606,5,4,3498,0,SINGLE_FAMILY,0,0,0,16553
332184131,FOR_SALE, ,5650000,"2373 Broadway Apt 1621,New York,NY 10024",2373 Broadway Apt 1621,New York,NY,10024,4,5,2900,0,APARTMENT,0,0,0,0
913693785,FOR_SALE, ,1650000,"300 E 74th St Apt 26F,New York,NY 10021",300 E 74th St Apt 26F,New York,NY,10021,2,2,1400,0,MULTI_FAMILY,0,0,0,0
393951333,FOR_SALE, ,1899999,"956 Madison St,Brooklyn,NY 11221",956 Madison St,Brooklyn,NY,11221,5,3,0,0,MULTI_FAMILY,0,0,0,1710
908335773,FOR_SALE, ,129900,"20 Prospect St,Nelliston,NY 13410",20 Prospect St,Nelliston,NY,13410,2,1,832,0,SINGLE_FAMILY,0,0,0,13068
456375941,FOR_SALE, ,569900,"550 Oak Run Dr,Lewiston,NY 14092",550 Oak Run Dr,Lewiston,NY,14092,4,3,2588,0,SINGLE_FAMILY,0,0,0,14248
329484337,FOR_SALE, ,199900,"None,Syracuse,NY 13209",0,Syracuse,NY,13209,2,2,1326,0,SINGLE_FAMILY,0,0,0,71003
432873971,FOR_SALE, ,519900,"28 Wilson St,Beacon,NY 12508",28 Wilson St,Beacon,NY,12508,3,2,1700,0,SINGLE_FAMILY,0,0,0,4792
335509326,FOR_SALE, ,499000,"832 Swinton Ave,Bronx,NY 10465",832 Swinton Ave,Bronx,NY,10465,2,2,1613,0,SINGLE_FAMILY,0,0,0,2200
391139888,FOR_SALE, ,2099000,"33 Marwood Rd N,Port Washington,NY 11050",33 Marwood Rd N,Port Washington,NY,11050,8,6,0,0,MULTI_FAMILY,0,0,0,6966
311309841,FOR_SALE, ,599000,"12 Lillian Dr,Spring Valley,NY 10977",12 Lillian Dr,Spring Valley,NY,10977,2,1,1040,0,SINGLE_FAMILY,0,0,0,30056
330507891,FOR_SALE, ,145000,"114 Clarence Ave,Syracuse,NY 13205",114 Clarence Ave,Syracuse,NY,13205,5,2,2160,0,MULTI_FAMILY,0,0,0,6939
481139297,FOR_SALE, ,248000,"359 Woodward Dr,West Seneca,NY 14224",359 Woodward Dr,West Seneca,NY,14224,3,2,1253,0,SINGLE_FAMILY,0,0,0,7013
460464969,FOR_SALE, ,1495000,"3 Whitney Ln,Rochester,NY 14610",3 Whitney Ln,Rochester,NY,14610,5,5,5357,0,SINGLE_FAMILY,0,0,0,28314
355395906,FOR_SALE, ,1050000,"6 Burning Brush Ct,Pomona,NY 10970",6 Burning Brush Ct,Pomona,NY,10970,6,4,3528,0,SINGLE_FAMILY,0,0,0,25265
317656222,FOR_SALE, ,225000,"1372 Shakespeare Ave Apt 2K,Bronx,NY 10452",1372 Shakespeare Ave Apt 2K,Bronx,NY,10452,3,1,1300,0,MULTI_FAMILY,0,0,0,0
314757897,FOR_SALE, ,749000,"75 Cherry St,Massapequa,NY 11758",75 Cherry St,Massapequa,NY,11758,4,3,0,0,SINGLE_FAMILY,0,0,0,10890
346719829,FOR_SALE, ,1549000,"3 Huntington Rd,Port Washington,NY 11050",3 Huntington Rd,Port Washington,NY,11050,7,3,3468,0,SINGLE_FAMILY,0,0,0,24829
416411003,FOR_SALE, ,185000,"32 Burgoyne St,Schuylerville,NY 12871",32 Burgoyne St,Schuylerville,NY,12871,3,2,1400,0,MULTI_FAMILY,0,0,0,6534
499053491,FOR_SALE, ,420000,"99-11 60 Ave Unit 1H,Corona,NY 11368",99-11 60 Ave Unit 1H,Corona,NY,11368,3,2,1200,0,MULTI_FAMILY,0,0,0,0
346076342,FOR_SALE, ,299900,"2979 Clinton St,West Seneca,NY 14224",2979 Clinton St,West Seneca,NY,14224,3,3,2184,0,SINGLE_FAMILY,0,0,0,25731
462895641,FOR_SALE, ,139900,"154 East Ave,Hornell,NY 14843",154 East Ave,Hornell,NY,14843,4,1,1344,0,SINGLE_FAMILY,0,0,0,2439
452446674,FOR_SALE, ,179999,"None,Buffalo,NY 14215",0,Buffalo,NY,14215,3,1,1152,0,SINGLE_FAMILY,0,0,0,5249
355155607,FOR_SALE, ,989900,"175 S Rondaxe Rd,Old Forge,NY 13420",175 S Rondaxe Rd,Old Forge,NY,13420,8,3,2914,0,SINGLE_FAMILY,0,0,0,177725
456063308,FOR_SALE, ,254500,"53 Panorama Dr,Binghamton,NY 13901",53 Panorama Dr,Binghamton,NY,13901,4,3,2524,0,SINGLE_FAMILY,0,0,0,17400
440228694,FOR_SALE, ,279000,"46 Alden Ct,Delmar,NY 12054",46 Alden Ct,Delmar,NY,12054,3,2,1089,0,SINGLE_FAMILY,0,0,0,8712
473420139,FOR_SALE, ,75000,"9 Mechanic St,Oxford,NY 13830",9 Mechanic St,Oxford,NY,13830,3,1,1997,0,SINGLE_FAMILY,0,0,0,5663
483641783,FOR_SALE, ,395000,"21 Maple Rdg,Ballston Lake,NY 12019",21 Maple Rdg,Ballston Lake,NY,12019,4,3,2310,0,SINGLE_FAMILY,0,0,0,32670
380322484,FOR_SALE, ,159900,"1393 S Park Ave,Buffalo,NY 14220",1393 S Park Ave,Buffalo,NY,14220,6,2,2204,0,MULTI_FAMILY,0,0,0,6299
419174947,FOR_SALE, ,1650000,"150 N 5th St Apt 1E,Brooklyn,NY 11211",150 N 5th St Apt 1E,Brooklyn,NY,11211,2,2,1112,0,CONDO,0,0,0,15000
358998719,FOR_SALE, ,474900,"7894 Milestrip Rd,Orchard Park,NY 14127",7894 Milestrip Rd,Orchard Park,NY,14127,3,2,2116,0,SINGLE_FAMILY,0,0,0,215186
483050450,FOR_SALE, ,395000,"1061 W Water St,Elmira,NY 14905",1061 W Water St,Elmira,NY,14905,5,4,4244,0,SINGLE_FAMILY,0,0,0,28750
975415042,FOR_SALE, ,398500,"Ph 1,Unit,NY None",Ph 1,Unit,NY,0,2,2,854,0,SINGLE_FAMILY,0,0,0,0
399007160,FOR_SALE, ,525000,"316 Church Ave,Germantown,NY 12526",316 Church Ave,Germantown,NY,12526,2,3,2080,0,SINGLE_FAMILY,0,0,0,43560
951356790,FOR_SALE, ,724999,"249 Main St Unit 307,Beacon,NY 12508",249 Main St Unit 307,Beacon,NY,12508,2,2,1400,0,CONDO,0,0,0,0
393018969,FOR_SALE, ,347500,"1 Lafayette St,Verplanck,NY 10596",1 Lafayette St,Verplanck,NY,10596,2,2,865,0,SINGLE_FAMILY,0,0,0,9640
310700018,FOR_SALE, ,429000,"36 Maple Ln,Shirley,NY 11967",36 Maple Ln,Shirley,NY,11967,3,2,1500,0,SINGLE_FAMILY,0,0,0,10019
400839280,FOR_SALE, ,3995000,"850 St Nicholas Ave,Manhattan,NY 10031",850 St Nicholas Ave,Manhattan,NY,10031,4,5,4944,0,TOWNHOUSE,0,0,0,0
439249306,FOR_SALE, ,699000,"330 W 145th St Apt 708,Manhattan,NY 10039",330 W 145th St Apt 708,Manhattan,NY,10039,2,2,0,0,MULTI_FAMILY,0,0,0,0
498496223,FOR_SALE, ,1250000,"357 W 11th St Apt 1A,Manhattan,NY 10014",357 W 11th St Apt 1A,Manhattan,NY,10014,2,1,0,0,MULTI_FAMILY,0,0,0,0
991422128,FOR_SALE, ,1720000,"110 Withers St Apt 3,Brooklyn,NY 11211",110 Withers St Apt 3,Brooklyn,NY,11211,3,2,1171,0,CONDO,0,0,0,0
366865706,FOR_SALE, ,899000,"245 E 72nd St Apt 14F,Manhattan,NY 10021",245 E 72nd St Apt 14F,Manhattan,NY,10021,1,1,0,0,MULTI_FAMILY,0,0,0,0
984571358,FOR_SALE, ,2650000,"120 W 70th St Apt 2B,Manhattan,NY 10023",120 W 70th St Apt 2B,Manhattan,NY,10023,3,2,0,0,MULTI_FAMILY,0,0,0,0
442395588,FOR_SALE, ,899000,"4 Chapin Rd,Farmingdale,NY 11735",4 Chapin Rd,Farmingdale,NY,11735,4,5,0,0,SINGLE_FAMILY,0,0,0,14375
377996306,FOR_SALE, ,625000,"405 E 63rd St Apt 11H,Manhattan,NY 10065",405 E 63rd St Apt 11H,Manhattan,NY,10065,1,1,0,0,MULTI_FAMILY,0,0,0,0
409527512,FOR_SALE, ,255000,"68-05 138th St Unit 1C,Kew Gardens Hills,NY 11367",68-05 138th St Unit 1C,Kew Gardens Hills,NY,11367,1,1,0,0,MULTI_FAMILY,0,0,0,0
911483769,FOR_SALE, ,385000,"1030 Elton St Unit 18CC,Canarsie,NY 11236",1030 Elton St Unit 18CC,Canarsie,NY,11236,2,2,836,0,CONDO,0,0,0,97139
343370477,FOR_SALE, ,1399000,"75-39 196th Pl,Fresh Meadows,NY 11366",75-39 196th Pl,Fresh Meadows,NY,11366,3,2,1450,0,SINGLE_FAMILY,0,0,0,6000
314110980,FOR_SALE, ,160000,"47 Allen St,Arcade,NY 14009",47 Allen St,Arcade,NY,14009,4,2,1416,0,SINGLE_FAMILY,0,0,0,8207
462461555,FOR_SALE, ,375000,"76 Wisconsin Ave,Delmar,NY 12054",76 Wisconsin Ave,Delmar,NY,12054,3,3,1800,0,SINGLE_FAMILY,0,0,0,13504
423308106,FOR_SALE, ,1499000,"1845 Sugar Maple Ln,Skaneateles,NY 13152",1845 Sugar Maple Ln,Skaneateles,NY,13152,5,5,4629,0,SINGLE_FAMILY,0,0,0,140699
383998868,FOR_SALE, ,109900,"24 Nye Park,Rochester,NY 14621",24 Nye Park,Rochester,NY,14621,3,1,1488,0,SINGLE_FAMILY,0,0,0,5227
413995271,FOR_SALE, ,229900,"210 Oneida Pl,Corning,NY 14830",210 Oneida Pl,Corning,NY,14830,4,2,2337,0,SINGLE_FAMILY,0,0,0,7187
330167108,FOR_SALE, ,649000,"337 Sheldon Hill Rd,Olivebridge,NY 12461",337 Sheldon Hill Rd,Olivebridge,NY,12461,4,2,1758,0,SINGLE_FAMILY,0,0,0,65340
308054017,FOR_SALE, ,670000,"890 Oyster Bay Rd,East Norwich,NY 11732",890 Oyster Bay Rd,East Norwich,NY,11732,3,2,0,0,SINGLE_FAMILY,0,0,0,13504
346255891,FOR_SALE, ,399990,"81 Marshall Dr,Selden,NY 11784",81 Marshall Dr,Selden,NY,11784,3,1,1278,0,SINGLE_FAMILY,0,0,0,16553
372963579,FOR_SALE, ,399000,"15 Allan Rd,Brewster,NY 10509",15 Allan Rd,Brewster,NY,10509,3,1,1580,0,SINGLE_FAMILY,0,0,0,10454
492413697,FOR_SALE, ,114500,"764 Esperance Rd,Esperance,NY 12066",764 Esperance Rd,Esperance,NY,12066,0,0,312,0,SINGLE_FAMILY,0,0,0,257004
425342729,FOR_SALE, ,409900,"80 Theodore Dr Unit 80,Coram,NY 11727",80 Theodore Dr Unit 80,Coram,NY,11727,2,2,1341,0,CONDO,0,0,0,2178
475873409,FOR_SALE, ,155000,"39 Peter Way,Kiamesha Lake,NY 12751",39 Peter Way,Kiamesha Lake,NY,12751,3,2,1152,0,SINGLE_FAMILY,0,0,0,2657
410269242,FOR_SALE, ,378000,"687 Ausable Dr,Jay,NY 12941",687 Ausable Dr,Jay,NY,12941,2,1,1168,0,SINGLE_FAMILY,0,0,0,39204
947218396,FOR_SALE, ,450000,"7119 Shore Rd Apt 5G,Brooklyn,NY 11209",7119 Shore Rd Apt 5G,Brooklyn,NY,11209,1,1,760,0,CONDO,0,0,0,0
364104670,FOR_SALE, ,429000,"158 Surfside Plz,Staten Island,NY 10307",158 Surfside Plz,Staten Island,NY,10307,2,2,1188,0,CONDO,0,0,0,1188
391621903,FOR_SALE, ,429900,"374 Perry Rd,Nineveh,NY 13813",374 Perry Rd,Nineveh,NY,13813,3,3,2900,0,SINGLE_FAMILY,0,0,0,510088
343781900,FOR_SALE, ,799000,"None,Clarence,NY 14031",0,Clarence,NY,14031,4,3,2658,0,TOWNHOUSE,0,0,0,6534
452356762,FOR_SALE, ,459000,"302 Mink Brook Rd,Downsville,NY 13755",302 Mink Brook Rd,Downsville,NY,13755,2,2,1400,0,SINGLE_FAMILY,0,0,0,74923
974289156,FOR_SALE, ,300000,"110 Columbia St Unit 3,Ithaca,NY 14850",110 Columbia St Unit 3,Ithaca,NY,14850,2,1,1000,0,MULTI_FAMILY,0,0,0,13068
400534748,FOR_SALE, ,1375000,"25-19 43rd Ave Unit 208,Queens,NY 11101",25-19 43rd Ave Unit 208,Queens,NY,11101,2,3,1097,0,CONDO,0,0,0,0
418161172,FOR_SALE, ,776000,"148-33 231st St Unit 2,Springfield Gardens,NY 11413",148-33 231st St Unit 2,Springfield Gardens,NY,11413,5,3,0,0,MULTI_FAMILY,0,0,0,3000
460093410,FOR_SALE, ,928000,"82-07 167th St,Jamaica,NY 11432",82-07 167th St,Jamaica,NY,11432,4,3,0,0,MULTI_FAMILY,0,0,0,2100
483440330,FOR_SALE, ,495000,"None,Jamaica,NY 11435",0,Jamaica,NY,11435,4,3,0,0,SINGLE_FAMILY,0,0,0,2500
355402739,FOR_SALE, ,350000,"705 Mallard Way,Peekskill,NY 10566",705 Mallard Way,Peekskill,NY,10566,2,3,1326,0,TOWNHOUSE,0,0,0,1698840
463946990,FOR_SALE, ,1149000,"15 Downing Ave,Sea Cliff,NY 11579",15 Downing Ave,Sea Cliff,NY,11579,3,3,2923,0,SINGLE_FAMILY,0,0,0,17424
307313519,FOR_SALE, ,145000,"513 Mason St Unit G,Newark,NY 14513",513 Mason St Unit G,Newark,NY,14513,3,1,1176,0,SINGLE_FAMILY,0,0,0,5227
355324052,FOR_SALE, ,980000,"148-09 Northern Blvd Apt 4E,Queens,NY 11354",148-09 Northern Blvd Apt 4E,Queens,NY,11354,3,2,1190,0,CONDO,0,0,0,0
904698544,FOR_SALE, ,425000,"8301 Ridge Blvd Apt 4D,Brooklyn,NY 11209",8301 Ridge Blvd Apt 4D,Brooklyn,NY,11209,1,1,652,0,MULTI_FAMILY,0,0,0,28000
997914504,FOR_SALE, ,899000,"23 N Elliott Pl Apt 1,Brooklyn,NY 11205",23 N Elliott Pl Apt 1,Brooklyn,NY,11205,1,2,958,0,MULTI_FAMILY,0,0,0,1428
345220671,FOR_SALE, ,129900,"73 Kingston St,Rochester,NY 14609",73 Kingston St,Rochester,NY,14609,4,1,1440,0,SINGLE_FAMILY,0,0,0,4356
392101496,FOR_SALE, ,730000,"425 Brook Hill Ave,Vestal,NY 13850",425 Brook Hill Ave,Vestal,NY,13850,4,5,6253,0,SINGLE_FAMILY,0,0,0,135907
373457067,FOR_SALE, ,249900,"74 Lower Newtown Rd,Waterford,NY 12188",74 Lower Newtown Rd,Waterford,NY,12188,5,2,1652,0,SINGLE_FAMILY,0,0,0,43124
359332223,FOR_SALE, ,335000,"9 Hickory Ln,Pawling,NY 12564",9 Hickory Ln,Pawling,NY,12564,2,1,932,0,SINGLE_FAMILY,0,0,0,36155
927442621,FOR_SALE, ,70000,"13986 Water St,Wolcott,NY 14590",13986 Water St,Wolcott,NY,14590,3,3,3813,0,MULTI_FAMILY,0,0,0,2614
496703077,FOR_SALE, ,239900,"70 Marshall,Poughkeepsie,NY 12601",70 Marshall,Poughkeepsie,NY,12601,3,2,1292,0,SINGLE_FAMILY,0,0,0,3485
320783583,FOR_SALE, ,199999,"8012 Fargo Rd,Henderson,NY 13650",8012 Fargo Rd,Henderson,NY,13650,3,2,1496,0,SINGLE_FAMILY,0,0,0,26519
390344794,FOR_SALE, ,629000,"56 Whaley Ave,Bethpage,NY 11714",56 Whaley Ave,Bethpage,NY,11714,5,2,0,0,SINGLE_FAMILY,0,0,0,5000
392050045,FOR_SALE, ,799000,"204 Constitution Pl Apt C,College Point,NY 11356",204 Constitution Pl Apt C,College Point,NY,11356,3,2,1278,0,CONDO,0,0,0,0
415460113,FOR_SALE, ,1450000,"92-02 242 St,Bellerose,NY 11426",92-02 242 St,Bellerose,NY,11426,7,3,3232,0,MULTI_FAMILY,0,0,0,6367
326494006,FOR_SALE, ,539000,"26 LA Salle Pl,Oakdale,NY 11769",26 LA Salle Pl,Oakdale,NY,11769,3,2,0,0,SINGLE_FAMILY,0,0,0,7405
913143080,FOR_SALE, ,800000,"333A Grandview Ave,Ridgewood,NY 11385",333A Grandview Ave,Ridgewood,NY,11385,4,4,3456,0,MULTI_FAMILY,0,0,0,1950
961755574,FOR_SALE, ,361000,"92 Seashore Way,Mechanicville,NY 12118",92 Seashore Way,Mechanicville,NY,12118,3,2,1444,0,SINGLE_FAMILY,0,0,0,0
458176399,FOR_SALE, ,1395000,"5 Harbor View Ln,East Hampton,NY 11937",5 Harbor View Ln,East Hampton,NY,11937,3,2,1500,0,SINGLE_FAMILY,0,0,0,19602
315571842,FOR_SALE, ,489900,"17 Cypress Dr,Loudonville,NY 12211",17 Cypress Dr,Loudonville,NY,12211,4,3,2044,0,SINGLE_FAMILY,0,0,0,16553
481458675,FOR_SALE, ,1898000,"33-68 155th St,Flushing,NY 11354",33-68 155th St,Flushing,NY,11354,5,3,2860,0,SINGLE_FAMILY,0,0,0,5050
487532531,FOR_SALE, ,519000,"832 Old Medford Ave,Medford,NY 11763",832 Old Medford Ave,Medford,NY,11763,3,3,2050,0,SINGLE_FAMILY,0,0,0,14810
458377306,FOR_SALE, ,699000,"90 Sunset Dr,Hempstead,NY 11550",90 Sunset Dr,Hempstead,NY,11550,5,3,2704,0,SINGLE_FAMILY,0,0,0,14375
434690039,FOR_SALE, ,1100000,"150-54 9th Ave,Whitestone,NY 11357",150-54 9th Ave,Whitestone,NY,11357,4,4,1300,0,SINGLE_FAMILY,0,0,0,0
333661125,FOR_SALE, ,1249000,"24-48 82 St,East Elmhurst,NY 11370",24-48 82 St,East Elmhurst,NY,11370,6,5,0,0,MULTI_FAMILY,0,0,0,2900
391333897,FOR_SALE, ,1229000,"31-23 73 St,East Elmhurst,NY 11370",31-23 73 St,East Elmhurst,NY,11370,5,3,0,0,MULTI_FAMILY,0,0,0,1900
378070948,FOR_SALE, ,1299000,"31-29 83 St,East Elmhurst,NY 11370",31-29 83 St,East Elmhurst,NY,11370,5,3,0,0,MULTI_FAMILY,0,0,0,2400
491376582,FOR_SALE, ,284500,"410 Parkside Trl,Macedon,NY 14502",410 Parkside Trl,Macedon,NY,14502,3,4,1706,0,SINGLE_FAMILY,0,0,0,10890
959385225,FOR_SALE, ,1200000,"105 River Rd,Port Ewen,NY 12466",105 River Rd,Port Ewen,NY,12466,2,4,2040,0,SINGLE_FAMILY,0,0,0,7405
315705929,FOR_SALE, ,148900,"53 Sandra Dr,Lackawanna,NY 14218",53 Sandra Dr,Lackawanna,NY,14218,3,2,1935,0,SINGLE_FAMILY,0,0,0,8699
434326328,FOR_SALE, ,195000,"177 Kennedy Rd,Cheektowaga,NY 14227",177 Kennedy Rd,Cheektowaga,NY,14227,4,3,1664,0,MULTI_FAMILY,0,0,0,5227
355460921,FOR_SALE, ,145000,"309 Plymouth Ave,Buffalo,NY 14213",309 Plymouth Ave,Buffalo,NY,14213,5,2,1890,0,MULTI_FAMILY,0,0,0,4025
489074546,FOR_SALE, ,220000,"118 Bucyrus Dr,Amherst,NY 14228",118 Bucyrus Dr,Amherst,NY,14228,3,1,1120,0,SINGLE_FAMILY,0,0,0,8481
936037398,FOR_SALE, ,497500,"31 Winterberry Ln,Mechanicville,NY 12118",31 Winterberry Ln,Mechanicville,NY,12118,3,3,2059,0,SINGLE_FAMILY,0,0,0,21344
350054165,FOR_SALE, ,479797,"350 Richmond Ter Apt 1T,Staten Island,NY 10301",350 Richmond Ter Apt 1T,Staten Island,NY,10301,3,2,1271,0,CONDO,0,0,0,1271
326868378,FOR_SALE, ,110000,"7 Cedar St,Port Henry,NY 12974",7 Cedar St,Port Henry,NY,12974,6,5,5360,0,MULTI_FAMILY,0,0,0,8712
488019382,FOR_SALE, ,185000,"35 Virginia St,Saranac Lake,NY 12983",35 Virginia St,Saranac Lake,NY,12983,0,0,2102,0,MULTI_FAMILY,0,0,0,5663
355383678,FOR_SALE, ,849000,"148-09 Northern Blvd Apt 5L,Queens,NY 11354",148-09 Northern Blvd Apt 5L,Queens,NY,11354,2,2,999,0,CONDO,0,0,0,0
340840966,FOR_SALE, ,179900,"39 Douglas St,Wynantskill,NY 12198",39 Douglas St,Wynantskill,NY,12198,2,1,887,0,SINGLE_FAMILY,0,0,0,14810
958012396,FOR_SALE, ,13100000,"W Mdw,Millbrook,NY 12545",W Mdw,Millbrook,NY,12545,5,7,6054,0,SINGLE_FAMILY,0,0,0,5700262
352822230,FOR_SALE, ,219900,"5620 Bunbury Ter,Clay,NY 13041",5620 Bunbury Ter,Clay,NY,13041,4,2,1460,0,SINGLE_FAMILY,0,0,0,9583
325872426,FOR_SALE, ,794900,"126 E Klein Rd,Ancram,NY 12502",126 E Klein Rd,Ancram,NY,12502,3,3,2854,0,SINGLE_FAMILY,0,0,0,1241460
486076378,FOR_SALE, ,349900,"93 Marshall Dr,Selden,NY 11784",93 Marshall Dr,Selden,NY,11784,4,2,1050,0,SINGLE_FAMILY,0,0,0,16553
408214195,FOR_SALE, ,725000,"4 Wolf Rd,Croton On Hudson,NY 10520",4 Wolf Rd,Croton On Hudson,NY,10520,3,3,1627,0,SINGLE_FAMILY,0,0,0,7808
388411370,FOR_SALE, ,495000,"520 E 72nd St Apt 5P,Manhattan,NY 10021",520 E 72nd St Apt 5P,Manhattan,NY,10021,1,1,0,0,MULTI_FAMILY,0,0,0,0
336207972,FOR_SALE, ,1050000,"135 Willow St Apt 103,Brooklyn,NY 11201",135 Willow St Apt 103,Brooklyn,NY,11201,1,1,0,0,MULTI_FAMILY,0,0,0,0
933513895,FOR_SALE, ,12950000,"200 Central 30abc Park S Unit S,Manhattan,NY 10019",200 Central 30abc Park S Unit S,Manhattan,NY,10019,4,7,5250,0,MULTI_FAMILY,0,0,0,0
462120913,FOR_SALE, ,105000,"95 Andover Ave,Buffalo,NY 14215",95 Andover Ave,Buffalo,NY,14215,3,1,1051,0,SINGLE_FAMILY,0,0,0,3968
495690917,FOR_SALE, ,179900,"51 North St,Broadalbin,NY 12025",51 North St,Broadalbin,NY,12025,3,2,2620,0,SINGLE_FAMILY,0,0,0,16117
470791062,FOR_SALE, ,899999,"107 Woolley Ave,Staten Island,NY 10314",107 Woolley Ave,Staten Island,NY,10314,4,3,1836,0,SINGLE_FAMILY,0,0,0,3600
463672558,FOR_SALE, ,110000,"314 Robinson St,Syracuse,NY 13203",314 Robinson St,Syracuse,NY,13203,3,1,1022,0,SINGLE_FAMILY,0,0,0,4783
461352265,FOR_SALE, ,589999,"27 Garfield Pl,Hempstead,NY 11550",27 Garfield Pl,Hempstead,NY,11550,4,3,0,0,SINGLE_FAMILY,0,0,0,4000
957977254,FOR_SALE, ,729000,"19 Andre Hl,Tappan,NY 10983",19 Andre Hl,Tappan,NY,10983,3,2,1660,0,SINGLE_FAMILY,0,0,0,10890
444425511,FOR_SALE, ,1150000,"60 Radnor Ave,Croton On Hudson,NY 10520",60 Radnor Ave,Croton On Hudson,NY,10520,4,3,2906,0,SINGLE_FAMILY,0,0,0,5698
964851697,FOR_SALE, ,119900,"1384 Pennsylvania Ave,Pine City,NY 14871",1384 Pennsylvania Ave,Pine City,NY,14871,0,1,2190,0,SINGLE_FAMILY,0,0,0,47916
334893352,FOR_SALE, ,299900,"6051 Nys Route 79,Chenango Forks,NY 13746",6051 Nys Route 79,Chenango Forks,NY,13746,4,3,3280,0,SINGLE_FAMILY,0,0,0,65340
459809103,FOR_SALE, ,549999,"152 Lorraine Loop,Staten Island,NY 10309",152 Lorraine Loop,Staten Island,NY,10309,3,2,1094,0,TOWNHOUSE,0,0,0,1062
461356793,FOR_SALE, ,1299000,"55 Oceana Dr E Apt 2C,Brooklyn,NY 11235",55 Oceana Dr E Apt 2C,Brooklyn,NY,11235,3,4,1569,0,CONDO,0,0,0,0
381402236,FOR_SALE, ,119900,"312 Winslow St,Watertown,NY 13601",312 Winslow St,Watertown,NY,13601,6,4,3120,0,MULTI_FAMILY,0,0,0,7749
318981361,FOR_SALE, ,185000,"491 Myrtle Ave,Albany,NY 12208",491 Myrtle Ave,Albany,NY,12208,3,2,1566,0,SINGLE_FAMILY,0,0,0,3485
467328732,FOR_SALE, ,899000,"8 The Hamlet,East Amherst,NY 14051",8 The Hamlet,East Amherst,NY,14051,5,5,5134,0,SINGLE_FAMILY,0,0,0,32984
951829760,FOR_SALE, ,1349000,"30 Johnson Pl,Woodmere,NY 11598",30 Johnson Pl,Woodmere,NY,11598,8,5,0,0,SINGLE_FAMILY,0,0,0,5333
395325058,FOR_SALE, ,939900,"5 Johns Hollow Rd,Setauket,NY 11733",5 Johns Hollow Rd,Setauket,NY,11733,4,2,0,0,SINGLE_FAMILY,0,0,0,93218
304952791,FOR_SALE, ,1299000,"37 Hightop Ln,Jericho,NY 11753",37 Hightop Ln,Jericho,NY,11753,4,3,0,0,SINGLE_FAMILY,0,0,0,10454
458241415,FOR_SALE, ,884000,"22-02 169th St,Whitestone,NY 11357",22-02 169th St,Whitestone,NY,11357,3,2,0,0,SINGLE_FAMILY,0,0,0,1800
337498303,FOR_SALE, ,157000,"7314 Feather St,Naples,NY 14512",7314 Feather St,Naples,NY,14512,2,1,520,0,SINGLE_FAMILY,0,0,0,279220
491345277,FOR_SALE, ,3250000,"234 W 138th St,New York,NY 10030",234 W 138th St,New York,NY,10030,5,3,4900,0,TOWNHOUSE,0,0,0,0
337184804,FOR_SALE, ,144900,"187 Lake Breeze Park,Rochester,NY 14622",187 Lake Breeze Park,Rochester,NY,14622,3,2,1476,0,SINGLE_FAMILY,0,0,0,7405
472354715,FOR_SALE, ,369900,"3709 Pegasus Cir,Syracuse,NY 13209",3709 Pegasus Cir,Syracuse,NY,13209,3,2,1976,0,SINGLE_FAMILY,0,0,0,17999
480322232,FOR_SALE, ,239900,"2413 Turner Ave,Schenectady,NY 12306",2413 Turner Ave,Schenectady,NY,12306,4,2,1512,0,MULTI_FAMILY,0,0,0,9148
316932672,FOR_SALE, ,2050000,"582 Monroe St,Brooklyn,NY 11221",582 Monroe St,Brooklyn,NY,11221,4,2,0,0,MULTI_FAMILY,0,0,0,1900
383242657,FOR_SALE, ,600000,"2980 Wilson Ave,Wantagh,NY 11793",2980 Wilson Ave,Wantagh,NY,11793,4,2,0,0,SINGLE_FAMILY,0,0,0,9500
371023582,FOR_SALE, ,500000,"135 Wells St,Peekskill,NY 10566",135 Wells St,Peekskill,NY,10566,4,2,1700,0,SINGLE_FAMILY,0,0,0,6652
322314470,FOR_SALE, ,820000,"817 E 168th St,Bronx,NY 10459",817 E 168th St,Bronx,NY,10459,0,0,3090,0,MULTI_FAMILY,0,0,0,0
332270066,FOR_SALE, ,1900000,"21 Brundige Dr,Goldens Bridge,NY 10526",21 Brundige Dr,Goldens Bridge,NY,10526,5,6,5531,0,SINGLE_FAMILY,0,0,0,172933
398114547,FOR_SALE, ,1099999,"787 Locust Ave,Bohemia,NY 11716",787 Locust Ave,Bohemia,NY,11716,4,3,3000,0,SINGLE_FAMILY,0,0,0,31363
484590509,FOR_SALE, ,500000,"12 Alpine Dr,Hopewell Junction,NY 12533",12 Alpine Dr,Hopewell Junction,NY,12533,4,3,2875,0,SINGLE_FAMILY,0,0,0,43560
401280510,FOR_SALE, ,575000,"1439 Bellmore Rd,Bellmore,NY 11710",1439 Bellmore Rd,Bellmore,NY,11710,3,1,0,0,SINGLE_FAMILY,0,0,0,6300
941241030,FOR_SALE, ,209000,"52-30 39th Dr Unit 4M,Woodside,NY 11377",52-30 39th Dr Unit 4M,Woodside,NY,11377,0,1,0,0,MULTI_FAMILY,0,0,0,0
470764202,FOR_SALE, ,360000,"70 Dawnbrook Ln,Williamsville,NY 14221",70 Dawnbrook Ln,Williamsville,NY,14221,3,2,2078,0,SINGLE_FAMILY,0,0,0,12929
486950773,FOR_SALE, ,249900,"None,Allegany,NY 14706",0,Allegany,NY,14706,4,2,1826,0,SINGLE_FAMILY,0,0,0,14797
342224373,FOR_SALE, ,209900,"272 Willet Rd,Blasdell,NY 14219",272 Willet Rd,Blasdell,NY,14219,6,2,2080,0,MULTI_FAMILY,0,0,0,12711
988878460,FOR_SALE, ,329900,"1629 CO Rt # 17,Williamstown,NY 13493",1629 CO Rt # 17,Williamstown,NY,13493,2,1,1700,0,SINGLE_FAMILY,0,0,0,591980
331660659,FOR_SALE, ,399999,"14 Montgomery Ave,Mastic,NY 11950",14 Montgomery Ave,Mastic,NY,11950,3,1,0,0,SINGLE_FAMILY,0,0,0,3920
397717694,FOR_SALE, ,599000,"2057 Freeman Ave,Bellmore,NY 11710",2057 Freeman Ave,Bellmore,NY,11710,3,2,1608,0,SINGLE_FAMILY,0,0,0,4000
353588407,FOR_SALE, ,679000,"279 Marshall Ave,West Hempstead,NY 11552",279 Marshall Ave,West Hempstead,NY,11552,2,2,0,0,SINGLE_FAMILY,0,0,0,4767
414080417,FOR_SALE, ,619000,"179 Hilton Ave,Hempstead,NY 11550",179 Hilton Ave,Hempstead,NY,11550,3,3,0,0,SINGLE_FAMILY,0,0,0,13939
449871444,FOR_SALE, ,199900,"25 Julius St,Buffalo,NY 14220",25 Julius St,Buffalo,NY,14220,4,1,1288,0,SINGLE_FAMILY,0,0,0,6800
344661377,FOR_SALE, ,269900,"2224 Story Ave,Schenectady,NY 12309",2224 Story Ave,Schenectady,NY,12309,3,3,1378,0,SINGLE_FAMILY,0,0,0,5227
405578460,FOR_SALE, ,230000,"133 Beach 120th St Apt 4G,Rockaway Park,NY 11694",133 Beach 120th St Apt 4G,Rockaway Park,NY,11694,1,1,0,0,MULTI_FAMILY,0,0,0,0
335593188,FOR_SALE, ,60500,"14 Columbus Dr,Rouses Point,NY 12979",14 Columbus Dr,Rouses Point,NY,12979,3,1,960,0,SINGLE_FAMILY,0,True,0,9920
448360122,FOR_SALE, ,475000,"71 Fernbank Ave,Delmar,NY 12054",71 Fernbank Ave,Delmar,NY,12054,4,3,2360,0,SINGLE_FAMILY,0,0,0,16988
476908650,FOR_SALE, ,285000,"28 Maine Ave,Rensselaer,NY 12144",28 Maine Ave,Rensselaer,NY,12144,4,2,1421,0,SINGLE_FAMILY,0,0,0,14810
951659835,FOR_SALE, ,415000,"299 State Route 49,Cleveland,NY 13042",299 State Route 49,Cleveland,NY,13042,3,3,2070,0,TOWNHOUSE,0,0,0,2587
446740637,FOR_SALE, ,929000,"102-07 135th St,Richmond Hill South,NY 11419",102-07 135th St,Richmond Hill South,NY,11419,5,3,0,0,MULTI_FAMILY,0,0,0,2375
949384611,FOR_SALE, ,299900,"14404 W Bay Rd,Fair Haven,NY 13064",14404 W Bay Rd,Fair Haven,NY,13064,3,1,1076,0,SINGLE_FAMILY,0,0,0,12515
360045332,FOR_SALE, ,192000,"1045 Bunn Hill Rd,Vestal,NY 13850",1045 Bunn Hill Rd,Vestal,NY,13850,3,3,2174,0,SINGLE_FAMILY,0,0,0,23707
461771050,FOR_SALE, ,179900,"78 E Main St,Le Roy,NY 14482",78 E Main St,Le Roy,NY,14482,3,2,2077,0,SINGLE_FAMILY,0,0,0,17851
355820191,FOR_SALE, ,2649000,"52 Irving Pl,Brooklyn,NY 11238",52 Irving Pl,Brooklyn,NY,11238,5,3,0,0,MULTI_FAMILY,0,0,0,1616
957644020,FOR_SALE, ,5690000,"50 Madison Ru Ave Apt 3,New York,NY 10010",50 Madison Ru Ave Apt 3,New York,NY,10010,3,4,0,0,CONDO,0,0,0,2970
978618403,FOR_SALE, ,355000,"36 Union St,New Baltimore,NY 12124",36 Union St,New Baltimore,NY,12124,3,3,2400,0,SINGLE_FAMILY,0,0,0,57499
448213498,FOR_SALE, ,1075000,"7 Hunter Dr,Armonk,NY 10504",7 Hunter Dr,Armonk,NY,10504,4,4,3544,0,SINGLE_FAMILY,0,0,0,43560
474043416,FOR_SALE, ,949000,"32 Burns Pl,Briarcliff Manor,NY 10510",32 Burns Pl,Briarcliff Manor,NY,10510,3,3,1918,0,SINGLE_FAMILY,0,0,0,23958
300994857,FOR_SALE, ,149900,"1131 Conklin Rd,Conklin,NY 13748",1131 Conklin Rd,Conklin,NY,13748,3,1,1095,0,SINGLE_FAMILY,0,0,0,10890
405405493,FOR_SALE, ,574000,"146 Hughes Rd,Conesville,NY 12076",146 Hughes Rd,Conesville,NY,12076,4,2,1570,0,SINGLE_FAMILY,0,0,0,2784791
357604080,FOR_SALE, ,199000,"3055 Amesbury Dr,Baldwinsville,NY 13027",3055 Amesbury Dr,Baldwinsville,NY,13027,2,2,1467,0,TOWNHOUSE,0,0,0,11086
468756892,FOR_SALE, ,279000,"6333 Jamesville Toll Rd,Jamesville,NY 13078",6333 Jamesville Toll Rd,Jamesville,NY,13078,3,2,1412,0,SINGLE_FAMILY,0,0,0,22216
918387896,FOR_SALE, ,174900,"6791 Conesus Springwater Rd,Conesus,NY 14435",6791 Conesus Springwater Rd,Conesus,NY,14435,2,1,760,0,SINGLE_FAMILY,0,0,0,627264
301642560,FOR_SALE, ,1599900,"31 Cobalt Ln,Westbury,NY 11590",31 Cobalt Ln,Westbury,NY,11590,6,4,3400,0,SINGLE_FAMILY,0,0,0,6180
447971150,FOR_SALE, ,179900,"99 Grandview Ln,Rochester,NY 14612",99 Grandview Ln,Rochester,NY,14612,3,2,1076,0,SINGLE_FAMILY,0,0,0,10241
471037063,FOR_SALE, ,399900,"82 Cove Dr,Sandy Creek,NY 13145",82 Cove Dr,Sandy Creek,NY,13145,3,2,2200,0,SINGLE_FAMILY,0,0,0,6543
317154116,FOR_SALE, ,1680000,"112 Bay 35th St,Brooklyn,NY 11214",112 Bay 35th St,Brooklyn,NY,11214,5,3,2880,0,MULTI_FAMILY,0,0,0,3880
995909819,FOR_SALE, ,349000,"2531 E 7th St Apt 1L,Brooklyn,NY 11235",2531 E 7th St Apt 1L,Brooklyn,NY,11235,2,1,1100,0,MULTI_FAMILY,0,0,0,0
381968351,FOR_SALE, ,469000,"44 Richmond St,Islip,NY 11751",44 Richmond St,Islip,NY,11751,3,1,1460,0,SINGLE_FAMILY,0,0,0,7405
492737984,FOR_SALE, ,220000,"8 Dehaven Dr Apt 2D,Yonkers,NY 10703",8 Dehaven Dr Apt 2D,Yonkers,NY,10703,2,1,950,0,MULTI_FAMILY,0,0,0,0
302253351,FOR_SALE, ,875000,"865 Commerce St,Thornwood,NY 10594",865 Commerce St,Thornwood,NY,10594,4,2,1792,0,MULTI_FAMILY,0,0,0,0
422828571,FOR_SALE, ,695000,"305 Marcellus Rd,Mineola,NY 11501",305 Marcellus Rd,Mineola,NY,11501,3,2,0,0,SINGLE_FAMILY,0,0,0,3000
415710042,FOR_SALE, ,379900,"211 York Bay Trl,West Henrietta,NY 14586",211 York Bay Trl,West Henrietta,NY,14586,3,3,1865,0,SINGLE_FAMILY,0,0,0,25735
413234743,FOR_SALE, ,225000,"134 Woodbine Ave,East Rochester,NY 14445",134 Woodbine Ave,East Rochester,NY,14445,3,2,1601,0,SINGLE_FAMILY,0,0,0,6970
326788936,FOR_SALE, ,225000,"39 Dalkeith Rd,Rochester,NY 14609",39 Dalkeith Rd,Rochester,NY,14609,3,2,1550,0,SINGLE_FAMILY,0,0,0,4792
442395282,FOR_SALE, ,149900,"None,Fulton,NY 13069",0,Fulton,NY,13069,3,2,1776,0,mobile,0,0,0,19998
378739892,FOR_SALE, ,355000,"607 Budd St,Carthage,NY 13619",607 Budd St,Carthage,NY,13619,5,0,6766,0,MULTI_FAMILY,0,0,0,10163
467247908,FOR_SALE, ,330000,"435 E 85th St Apt 3B,New York,NY 10028",435 E 85th St Apt 3B,New York,NY,10028,0,1,0,0,MULTI_FAMILY,0,0,0,12750
326992716,FOR_SALE, ,110000,"3 Carhart Ave,Binghamton,NY 13905",3 Carhart Ave,Binghamton,NY,13905,4,2,1954,0,SINGLE_FAMILY,0,0,0,8850
352778733,FOR_SALE, ,399000,"2486 Bastian Rd,Lyons,NY 14489",2486 Bastian Rd,Lyons,NY,14489,3,2,1008,0,mobile,0,0,0,1495850
394470598,FOR_SALE, ,109900,"30 W High Ter,Rochester,NY 14619",30 W High Ter,Rochester,NY,14619,3,2,1655,0,SINGLE_FAMILY,0,0,0,4347
415380305,FOR_SALE, ,350000,"55 Abbott Dr,Poestenkill,NY 12140",55 Abbott Dr,Poestenkill,NY,12140,3,2,2780,0,SINGLE_FAMILY,0,0,0,18295
494757725,FOR_SALE, ,224900,"1230 Esperance Rd,Esperance,NY 12066",1230 Esperance Rd,Esperance,NY,12066,5,2,1058,0,SINGLE_FAMILY,0,0,0,150282
919211259,FOR_SALE, ,125000,"148 Postwood Rd,Hannawa Falls,NY 13647",148 Postwood Rd,Hannawa Falls,NY,13647,2,1,1000,0,SINGLE_FAMILY,0,0,0,0
454305532,FOR_SALE, ,448800,"1246 Oberon Dr,King Ferry,NY 13081",1246 Oberon Dr,King Ferry,NY,13081,3,2,1783,0,SINGLE_FAMILY,0,0,0,253084
436804874,FOR_SALE, ,519000,"2857 Willard Ave,Oceanside,NY 11572",2857 Willard Ave,Oceanside,NY,11572,3,2,0,0,SINGLE_FAMILY,0,0,0,4000
379728671,FOR_SALE, ,739000,"367 Blacksmith Rd W,Levittown,NY 11756",367 Blacksmith Rd W,Levittown,NY,11756,4,2,1950,0,SINGLE_FAMILY,0,0,0,10454
979755485,FOR_SALE, ,150000,"605 Edgewater Dr,Westfield,NY 14787",605 Edgewater Dr,Westfield,NY,14787,1,1,480,0,CONDO,0,0,0,10890
348086927,FOR_SALE, ,699000,"2 Downing Ct,Irvington,NY 10533",2 Downing Ct,Irvington,NY,10533,3,3,1670,0,TOWNHOUSE,0,0,0,10454
432623501,FOR_SALE, ,519000,"465 Plutarch Rd,New Paltz,NY 12528",465 Plutarch Rd,New Paltz,NY,12528,3,2,1588,0,SINGLE_FAMILY,0,0,0,348480
412895580,FOR_SALE, ,189900,"3476 Pebble Beach Rd,Lakeville,NY 14480",3476 Pebble Beach Rd,Lakeville,NY,14480,2,2,1641,0,SINGLE_FAMILY,0,0,0,13299
328660234,FOR_SALE, ,879000,"1 Autumn Ct,Gansevoort,NY 12831",1 Autumn Ct,Gansevoort,NY,12831,4,4,3281,0,SINGLE_FAMILY,0,0,0,24394
438082995,FOR_SALE, ,350000,"5 Emmons Rd,Lansing,NY 14882",5 Emmons Rd,Lansing,NY,14882,3,2,1568,0,SINGLE_FAMILY,0,0,0,51836
477303128,FOR_SALE, ,274900,"194 S Main Ave,Albany,NY 12208",194 S Main Ave,Albany,NY,12208,4,2,1800,0,SINGLE_FAMILY,0,0,0,8712
442524276,FOR_SALE, ,290000,"142 Kenwood Ave,Delmar,NY 12054",142 Kenwood Ave,Delmar,NY,12054,3,1,1185,0,SINGLE_FAMILY,0,0,0,13068
986765946,FOR_SALE, ,859000,"9101 Beech Tree Ln Unit 91,Plainview,NY 11803",9101 Beech Tree Ln Unit 91,Plainview,NY,11803,2,2,1443,0,CONDO,0,0,0,244807
442395896,FOR_SALE, ,299000,"83 Oak Leaf Dr,Stuyvesant,NY 12173",83 Oak Leaf Dr,Stuyvesant,NY,12173,3,1,1716,0,SINGLE_FAMILY,0,0,0,23087
390556344,FOR_SALE, ,219900,"9417 Mariaville Rd,Pattersonville,NY 12137",9417 Mariaville Rd,Pattersonville,NY,12137,2,2,1130,0,SINGLE_FAMILY,0,0,0,16988
339833639,FOR_SALE, ,2452000,"28 E 10th St Apt 5C,New York,NY 10003",28 E 10th St Apt 5C,New York,NY,10003,1,1,840,0,CONDO,0,0,0,0
411737569,FOR_SALE, ,1200000,"1 E Main St,Beacon,NY 12508",1 E Main St,Beacon,NY,12508,2,2,1600,0,CONDO,0,0,0,0
427567964,FOR_SALE, ,649999,"45 Old Patch Rd,Saugerties,NY 12477",45 Old Patch Rd,Saugerties,NY,12477,4,3,1624,0,SINGLE_FAMILY,0,0,0,527076
319039568,FOR_SALE, ,473918,"16 Trout Pond Rd,Porter Corners,NY 12859",16 Trout Pond Rd,Porter Corners,NY,12859,4,3,2680,0,SINGLE_FAMILY,0,0,0,60113
317086098,FOR_SALE, ,385000,"None,Delhi,NY 13753",0,Delhi,NY,13753,3,2,2240,0,SINGLE_FAMILY,0,0,0,861181
345025415,FOR_SALE, ,289900,"40 Emery Run,Rochester,NY 14612",40 Emery Run,Rochester,NY,14612,3,2,1680,0,SINGLE_FAMILY,0,0,0,12197
310576270,FOR_SALE, ,549999,"936 Harding St,Bohemia,NY 11716",936 Harding St,Bohemia,NY,11716,3,2,1800,0,SINGLE_FAMILY,0,0,0,10019
473396074,FOR_SALE, ,849000,"20 Marshmallow Dr,Commack,NY 11725",20 Marshmallow Dr,Commack,NY,11725,5,3,0,0,SINGLE_FAMILY,0,0,0,22651
346614699,FOR_SALE, ,1489000,"30 Dogwood Ln,East Marion,NY 11939",30 Dogwood Ln,East Marion,NY,11939,3,2,2300,0,SINGLE_FAMILY,0,0,0,15682
342252291,FOR_SALE, ,2975000,"152 Stratford Rd,Brooklyn,NY 11218",152 Stratford Rd,Brooklyn,NY,11218,5,5,4628,0,SINGLE_FAMILY,0,0,0,4800
410681788,FOR_SALE, ,249900,"145 Swift St,Auburn,NY 13021",145 Swift St,Auburn,NY,13021,3,2,1442,0,SINGLE_FAMILY,0,0,0,40511
457766401,FOR_SALE, ,699900,"441 N Rockingham Way,Amherst,NY 14228",441 N Rockingham Way,Amherst,NY,14228,5,4,3106,0,SINGLE_FAMILY,0,0,0,18073
404384063,FOR_SALE, ,139000,"8502 Elmer Hill Rd,Rome,NY 13440",8502 Elmer Hill Rd,Rome,NY,13440,3,3,2010,0,MULTI_FAMILY,0,0,0,23522
329336649,FOR_SALE, ,649000,"475 Cedar Ln,East Meadow,NY 11554",475 Cedar Ln,East Meadow,NY,11554,3,2,0,0,SINGLE_FAMILY,0,0,0,7200
393201410,FOR_SALE, ,799999,"440 N Wellwood Ave,Lindenhurst,NY 11757",440 N Wellwood Ave,Lindenhurst,NY,11757,3,3,0,0,SINGLE_FAMILY,0,0,0,8850
972283261,FOR_SALE, ,140000,"50 White Oak St Apt 5A,New Rochelle,NY 10801",50 White Oak St Apt 5A,New Rochelle,NY,10801,1,1,750,0,MULTI_FAMILY,0,0,0,0
497419329,FOR_SALE, ,179900,"None,Rochester,NY 14624",0,Rochester,NY,14624,4,2,1970,0,SINGLE_FAMILY,0,0,0,11761
992287092,FOR_SALE, ,365000,"1015 Old Post Rd Apt 1H,Mamaroneck,NY 10543",1015 Old Post Rd Apt 1H,Mamaroneck,NY,10543,2,1,1150,0,MULTI_FAMILY,0,0,0,0
424536635,FOR_SALE, ,165000,"48 Leavenworth St,Cattaraugus,NY 14719",48 Leavenworth St,Cattaraugus,NY,14719,3,2,1536,0,SINGLE_FAMILY,0,0,0,29451
983031247,FOR_SALE, ,583250,"Harkins Ln Lot 26F,Baldwinsville,NY 13027",Harkins Ln Lot 26F,Baldwinsville,NY,13027,3,3,0,0,SINGLE_FAMILY,0,0,0,35240
437337801,FOR_SALE, ,209000,"1005 Edgewater Dr,Westfield,NY 14787",1005 Edgewater Dr,Westfield,NY,14787,2,2,864,0,CONDO,0,0,0,10890
365323752,FOR_SALE, ,369900,"1200 Midland Ave Apt 11D,Bronxville,NY 10708",1200 Midland Ave Apt 11D,Bronxville,NY,10708,2,2,1500,0,MULTI_FAMILY,0,0,0,37462
377209686,FOR_SALE, ,1860000,"12 Bonnie Lynn Ct,Roslyn,NY 11576",12 Bonnie Lynn Ct,Roslyn,NY,11576,5,4,4083,0,SINGLE_FAMILY,0,0,0,16117
384042325,FOR_SALE, ,89900,"36 Crown St,Jamestown,NY 14701",36 Crown St,Jamestown,NY,14701,2,2,2110,0,MULTI_FAMILY,0,0,0,3446
